Temperature - (Celsius), Year, Statistics, Country, ISO3
-0.0378, 1901, Jan Average, Afghanistan, AFG
2.42348, 1901, Feb Average, Afghanistan, AFG
9.3623, 1901, Mar Average, Afghanistan, AFG
13.5564, 1901, Apr Average, Afghanistan, AFG
18.1509, 1901, May Average, Afghanistan, AFG
22.1727, 1901, Jun Average, Afghanistan, AFG
25.3787, 1901, Jul Average, Afghanistan, AFG
23.6652, 1901, Aug Average, Afghanistan, AFG
19.4655, 1901, Sep Average, Afghanistan, AFG
11.2837, 1901, Oct Average, Afghanistan, AFG
8.6319, 1901, Nov Average, Afghanistan, AFG
4.02148, 1901, Dec Average, Afghanistan, AFG
2.43386, 1902, Jan Average, Afghanistan, AFG
2.32874, 1902, Feb Average, Afghanistan, AFG
7.61617, 1902, Mar Average, Afghanistan, AFG
12.3997, 1902, Apr Average, Afghanistan, AFG
19.4873, 1902, May Average, Afghanistan, AFG
24.1452, 1902, Jun Average, Afghanistan, AFG
25.0482, 1902, Jul Average, Afghanistan, AFG
24.2475, 1902, Aug Average, Afghanistan, AFG
19.0351, 1902, Sep Average, Afghanistan, AFG
12.9641, 1902, Oct Average, Afghanistan, AFG
7.19137, 1902, Nov Average, Afghanistan, AFG
3.21455, 1902, Dec Average, Afghanistan, AFG
-1.588, 1903, Jan Average, Afghanistan, AFG
2.6049, 1903, Feb Average, Afghanistan, AFG
2.19759, 1903, Mar Average, Afghanistan, AFG
10.9805, 1903, Apr Average, Afghanistan, AFG
17.0656, 1903, May Average, Afghanistan, AFG
23.4819, 1903, Jun Average, Afghanistan, AFG
24.7819, 1903, Jul Average, Afghanistan, AFG
23.887, 1903, Aug Average, Afghanistan, AFG
19.8621, 1903, Sep Average, Afghanistan, AFG
14.1072, 1903, Oct Average, Afghanistan, AFG
5.79271, 1903, Nov Average, Afghanistan, AFG
0.90361, 1903, Dec Average, Afghanistan, AFG
-5.5545, 1904, Jan Average, Afghanistan, AFG
4.27782, 1904, Feb Average, Afghanistan, AFG
7.50411, 1904, Mar Average, Afghanistan, AFG
11.7398, 1904, Apr Average, Afghanistan, AFG
17.9897, 1904, May Average, Afghanistan, AFG
22.8683, 1904, Jun Average, Afghanistan, AFG
25.0061, 1904, Jul Average, Afghanistan, AFG
23.9715, 1904, Aug Average, Afghanistan, AFG
18.7715, 1904, Sep Average, Afghanistan, AFG
11.0836, 1904, Oct Average, Afghanistan, AFG
8.79818, 1904, Nov Average, Afghanistan, AFG
3.92464, 1904, Dec Average, Afghanistan, AFG
-1.8435, 1905, Jan Average, Afghanistan, AFG
-1.7698, 1905, Feb Average, Afghanistan, AFG
3.42272, 1905, Mar Average, Afghanistan, AFG
12.8392, 1905, Apr Average, Afghanistan, AFG
18.7107, 1905, May Average, Afghanistan, AFG
23.5721, 1905, Jun Average, Afghanistan, AFG
25.1425, 1905, Jul Average, Afghanistan, AFG
23.8485, 1905, Aug Average, Afghanistan, AFG
19.0231, 1905, Sep Average, Afghanistan, AFG
14.7307, 1905, Oct Average, Afghanistan, AFG
7.64407, 1905, Nov Average, Afghanistan, AFG
1.88543, 1905, Dec Average, Afghanistan, AFG
-1.0413, 1906, Jan Average, Afghanistan, AFG
0.54912, 1906, Feb Average, Afghanistan, AFG
6.80418, 1906, Mar Average, Afghanistan, AFG
10.6162, 1906, Apr Average, Afghanistan, AFG
18.6138, 1906, May Average, Afghanistan, AFG
23.676, 1906, Jun Average, Afghanistan, AFG
24.8869, 1906, Jul Average, Afghanistan, AFG
24.9104, 1906, Aug Average, Afghanistan, AFG
18.7982, 1906, Sep Average, Afghanistan, AFG
14.2315, 1906, Oct Average, Afghanistan, AFG
7.80828, 1906, Nov Average, Afghanistan, AFG
4.07322, 1906, Dec Average, Afghanistan, AFG
0.95404, 1907, Jan Average, Afghanistan, AFG
0.54133, 1907, Feb Average, Afghanistan, AFG
6.55103, 1907, Mar Average, Afghanistan, AFG
13.4165, 1907, Apr Average, Afghanistan, AFG
16.2032, 1907, May Average, Afghanistan, AFG
21.2821, 1907, Jun Average, Afghanistan, AFG
25.2362, 1907, Jul Average, Afghanistan, AFG
23.3621, 1907, Aug Average, Afghanistan, AFG
18.7366, 1907, Sep Average, Afghanistan, AFG
10.957, 1907, Oct Average, Afghanistan, AFG
5.72489, 1907, Nov Average, Afghanistan, AFG
2.58663, 1907, Dec Average, Afghanistan, AFG
0.89113, 1908, Jan Average, Afghanistan, AFG
1.72961, 1908, Feb Average, Afghanistan, AFG
5.89961, 1908, Mar Average, Afghanistan, AFG
12.6312, 1908, Apr Average, Afghanistan, AFG
17.0839, 1908, May Average, Afghanistan, AFG
23.1196, 1908, Jun Average, Afghanistan, AFG
25.6291, 1908, Jul Average, Afghanistan, AFG
23.5242, 1908, Aug Average, Afghanistan, AFG
18.6603, 1908, Sep Average, Afghanistan, AFG
11.1287, 1908, Oct Average, Afghanistan, AFG
7.77281, 1908, Nov Average, Afghanistan, AFG
2.14394, 1908, Dec Average, Afghanistan, AFG
-1.9607, 1909, Jan Average, Afghanistan, AFG
1.97504, 1909, Feb Average, Afghanistan, AFG
8.01813, 1909, Mar Average, Afghanistan, AFG
14.3704, 1909, Apr Average, Afghanistan, AFG
17.9139, 1909, May Average, Afghanistan, AFG
23.0186, 1909, Jun Average, Afghanistan, AFG
24.5037, 1909, Jul Average, Afghanistan, AFG
24.1599, 1909, Aug Average, Afghanistan, AFG
18.4832, 1909, Sep Average, Afghanistan, AFG
12.4297, 1909, Oct Average, Afghanistan, AFG
10.0068, 1909, Nov Average, Afghanistan, AFG
3.5712, 1909, Dec Average, Afghanistan, AFG
1.04241, 1910, Jan Average, Afghanistan, AFG
2.96156, 1910, Feb Average, Afghanistan, AFG
5.65151, 1910, Mar Average, Afghanistan, AFG
11.7662, 1910, Apr Average, Afghanistan, AFG
19.1984, 1910, May Average, Afghanistan, AFG
22.6802, 1910, Jun Average, Afghanistan, AFG
25.3766, 1910, Jul Average, Afghanistan, AFG
23.9357, 1910, Aug Average, Afghanistan, AFG
18.6236, 1910, Sep Average, Afghanistan, AFG
12.7016, 1910, Oct Average, Afghanistan, AFG
6.12208, 1910, Nov Average, Afghanistan, AFG
-1.6246, 1910, Dec Average, Afghanistan, AFG
-1.4419, 1911, Jan Average, Afghanistan, AFG
2.69836, 1911, Feb Average, Afghanistan, AFG
5.84496, 1911, Mar Average, Afghanistan, AFG
12.3191, 1911, Apr Average, Afghanistan, AFG
18.5121, 1911, May Average, Afghanistan, AFG
24.0199, 1911, Jun Average, Afghanistan, AFG
24.7058, 1911, Jul Average, Afghanistan, AFG
23.9029, 1911, Aug Average, Afghanistan, AFG
19.3291, 1911, Sep Average, Afghanistan, AFG
11.9074, 1911, Oct Average, Afghanistan, AFG
5.03117, 1911, Nov Average, Afghanistan, AFG
0.7575, 1911, Dec Average, Afghanistan, AFG
0.20657, 1912, Jan Average, Afghanistan, AFG
4.51682, 1912, Feb Average, Afghanistan, AFG
6.97458, 1912, Mar Average, Afghanistan, AFG
13.4259, 1912, Apr Average, Afghanistan, AFG
17.8097, 1912, May Average, Afghanistan, AFG
23.4667, 1912, Jun Average, Afghanistan, AFG
25.6621, 1912, Jul Average, Afghanistan, AFG
23.0913, 1912, Aug Average, Afghanistan, AFG
17.2516, 1912, Sep Average, Afghanistan, AFG
14.0555, 1912, Oct Average, Afghanistan, AFG
6.19291, 1912, Nov Average, Afghanistan, AFG
1.95412, 1912, Dec Average, Afghanistan, AFG
1.78683, 1913, Jan Average, Afghanistan, AFG
0.31869, 1913, Feb Average, Afghanistan, AFG
4.81165, 1913, Mar Average, Afghanistan, AFG
11.2499, 1913, Apr Average, Afghanistan, AFG
19.3722, 1913, May Average, Afghanistan, AFG
22.7504, 1913, Jun Average, Afghanistan, AFG
25.8507, 1913, Jul Average, Afghanistan, AFG
23.1671, 1913, Aug Average, Afghanistan, AFG
18.889, 1913, Sep Average, Afghanistan, AFG
13.3766, 1913, Oct Average, Afghanistan, AFG
6.9908, 1913, Nov Average, Afghanistan, AFG
3.99676, 1913, Dec Average, Afghanistan, AFG
4.26484, 1914, Jan Average, Afghanistan, AFG
1.95483, 1914, Feb Average, Afghanistan, AFG
7.83049, 1914, Mar Average, Afghanistan, AFG
13.4463, 1914, Apr Average, Afghanistan, AFG
18.1807, 1914, May Average, Afghanistan, AFG
25.0416, 1914, Jun Average, Afghanistan, AFG
25.4941, 1914, Jul Average, Afghanistan, AFG
23.853, 1914, Aug Average, Afghanistan, AFG
20.2242, 1914, Sep Average, Afghanistan, AFG
13.3696, 1914, Oct Average, Afghanistan, AFG
7.29, 1914, Nov Average, Afghanistan, AFG
0.16563, 1914, Dec Average, Afghanistan, AFG
2.17716, 1915, Jan Average, Afghanistan, AFG
1.73076, 1915, Feb Average, Afghanistan, AFG
11.0812, 1915, Mar Average, Afghanistan, AFG
13.0311, 1915, Apr Average, Afghanistan, AFG
20.6628, 1915, May Average, Afghanistan, AFG
24.0457, 1915, Jun Average, Afghanistan, AFG
24.7547, 1915, Jul Average, Afghanistan, AFG
25.1417, 1915, Aug Average, Afghanistan, AFG
20.8041, 1915, Sep Average, Afghanistan, AFG
13.2896, 1915, Oct Average, Afghanistan, AFG
8.61782, 1915, Nov Average, Afghanistan, AFG
3.55279, 1915, Dec Average, Afghanistan, AFG
2.21516, 1916, Jan Average, Afghanistan, AFG
0.16968, 1916, Feb Average, Afghanistan, AFG
7.9499, 1916, Mar Average, Afghanistan, AFG
13.765, 1916, Apr Average, Afghanistan, AFG
17.9535, 1916, May Average, Afghanistan, AFG
21.5771, 1916, Jun Average, Afghanistan, AFG
24.8579, 1916, Jul Average, Afghanistan, AFG
25.2811, 1916, Aug Average, Afghanistan, AFG
19.0772, 1916, Sep Average, Afghanistan, AFG
11.8959, 1916, Oct Average, Afghanistan, AFG
3.06921, 1916, Nov Average, Afghanistan, AFG
2.21216, 1916, Dec Average, Afghanistan, AFG
3.66533, 1917, Jan Average, Afghanistan, AFG
5.1662, 1917, Feb Average, Afghanistan, AFG
7.6072, 1917, Mar Average, Afghanistan, AFG
13.3005, 1917, Apr Average, Afghanistan, AFG
20.0134, 1917, May Average, Afghanistan, AFG
22.718, 1917, Jun Average, Afghanistan, AFG
24.6802, 1917, Jul Average, Afghanistan, AFG
23.6763, 1917, Aug Average, Afghanistan, AFG
18.5874, 1917, Sep Average, Afghanistan, AFG
11.4491, 1917, Oct Average, Afghanistan, AFG
5.55267, 1917, Nov Average, Afghanistan, AFG
1.0589, 1917, Dec Average, Afghanistan, AFG
0.11596, 1918, Jan Average, Afghanistan, AFG
2.2606, 1918, Feb Average, Afghanistan, AFG
5.70592, 1918, Mar Average, Afghanistan, AFG
10.7685, 1918, Apr Average, Afghanistan, AFG
19.0731, 1918, May Average, Afghanistan, AFG
22.4332, 1918, Jun Average, Afghanistan, AFG
25.5029, 1918, Jul Average, Afghanistan, AFG
23.5825, 1918, Aug Average, Afghanistan, AFG
18.7125, 1918, Sep Average, Afghanistan, AFG
12.9749, 1918, Oct Average, Afghanistan, AFG
5.47625, 1918, Nov Average, Afghanistan, AFG
-0.0874, 1918, Dec Average, Afghanistan, AFG
-2.424, 1919, Jan Average, Afghanistan, AFG
0.86878, 1919, Feb Average, Afghanistan, AFG
6.30234, 1919, Mar Average, Afghanistan, AFG
13.188, 1919, Apr Average, Afghanistan, AFG
17.0163, 1919, May Average, Afghanistan, AFG
23.2106, 1919, Jun Average, Afghanistan, AFG
25.3194, 1919, Jul Average, Afghanistan, AFG
23.5375, 1919, Aug Average, Afghanistan, AFG
17.5599, 1919, Sep Average, Afghanistan, AFG
12.6696, 1919, Oct Average, Afghanistan, AFG
6.52312, 1919, Nov Average, Afghanistan, AFG
2.09914, 1919, Dec Average, Afghanistan, AFG
1.24201, 1920, Jan Average, Afghanistan, AFG
-1.5271, 1920, Feb Average, Afghanistan, AFG
7.17823, 1920, Mar Average, Afghanistan, AFG
10.5586, 1920, Apr Average, Afghanistan, AFG
15.8633, 1920, May Average, Afghanistan, AFG
21.8826, 1920, Jun Average, Afghanistan, AFG
24.2997, 1920, Jul Average, Afghanistan, AFG
22.8483, 1920, Aug Average, Afghanistan, AFG
19.1789, 1920, Sep Average, Afghanistan, AFG
13.7004, 1920, Oct Average, Afghanistan, AFG
4.75076, 1920, Nov Average, Afghanistan, AFG
-1.193, 1920, Dec Average, Afghanistan, AFG
0.58892, 1921, Jan Average, Afghanistan, AFG
1.32141, 1921, Feb Average, Afghanistan, AFG
6.04069, 1921, Mar Average, Afghanistan, AFG
14.2156, 1921, Apr Average, Afghanistan, AFG
17.0127, 1921, May Average, Afghanistan, AFG
22.3635, 1921, Jun Average, Afghanistan, AFG
25.2069, 1921, Jul Average, Afghanistan, AFG
22.3374, 1921, Aug Average, Afghanistan, AFG
18.1554, 1921, Sep Average, Afghanistan, AFG
12.6434, 1921, Oct Average, Afghanistan, AFG
6.57691, 1921, Nov Average, Afghanistan, AFG
3.23899, 1921, Dec Average, Afghanistan, AFG
1.50089, 1922, Jan Average, Afghanistan, AFG
2.13586, 1922, Feb Average, Afghanistan, AFG
8.02902, 1922, Mar Average, Afghanistan, AFG
13.6453, 1922, Apr Average, Afghanistan, AFG
17.5131, 1922, May Average, Afghanistan, AFG
22.6172, 1922, Jun Average, Afghanistan, AFG
24.9335, 1922, Jul Average, Afghanistan, AFG
23.4969, 1922, Aug Average, Afghanistan, AFG
18.9098, 1922, Sep Average, Afghanistan, AFG
13.1874, 1922, Oct Average, Afghanistan, AFG
7.64299, 1922, Nov Average, Afghanistan, AFG
3.44298, 1922, Dec Average, Afghanistan, AFG
0.27177, 1923, Jan Average, Afghanistan, AFG
1.86322, 1923, Feb Average, Afghanistan, AFG
7.88737, 1923, Mar Average, Afghanistan, AFG
12.0219, 1923, Apr Average, Afghanistan, AFG
17.227, 1923, May Average, Afghanistan, AFG
22.8445, 1923, Jun Average, Afghanistan, AFG
23.8005, 1923, Jul Average, Afghanistan, AFG
23.8662, 1923, Aug Average, Afghanistan, AFG
16.5319, 1923, Sep Average, Afghanistan, AFG
12.3703, 1923, Oct Average, Afghanistan, AFG
5.09865, 1923, Nov Average, Afghanistan, AFG
0.25934, 1923, Dec Average, Afghanistan, AFG
0.60776, 1924, Jan Average, Afghanistan, AFG
2.38092, 1924, Feb Average, Afghanistan, AFG
8.05032, 1924, Mar Average, Afghanistan, AFG
12.4283, 1924, Apr Average, Afghanistan, AFG
15.1114, 1924, May Average, Afghanistan, AFG
21.83, 1924, Jun Average, Afghanistan, AFG
24.9305, 1924, Jul Average, Afghanistan, AFG
23.7812, 1924, Aug Average, Afghanistan, AFG
17.7845, 1924, Sep Average, Afghanistan, AFG
12.8494, 1924, Oct Average, Afghanistan, AFG
6.24679, 1924, Nov Average, Afghanistan, AFG
1.1283, 1924, Dec Average, Afghanistan, AFG
-2.1113, 1925, Jan Average, Afghanistan, AFG
-1.2167, 1925, Feb Average, Afghanistan, AFG
9.17466, 1925, Mar Average, Afghanistan, AFG
13.7892, 1925, Apr Average, Afghanistan, AFG
18.751, 1925, May Average, Afghanistan, AFG
23.5608, 1925, Jun Average, Afghanistan, AFG
25.4384, 1925, Jul Average, Afghanistan, AFG
23.6203, 1925, Aug Average, Afghanistan, AFG
18.9698, 1925, Sep Average, Afghanistan, AFG
13.7362, 1925, Oct Average, Afghanistan, AFG
6.12968, 1925, Nov Average, Afghanistan, AFG
4.87732, 1925, Dec Average, Afghanistan, AFG
1.63806, 1926, Jan Average, Afghanistan, AFG
3.49584, 1926, Feb Average, Afghanistan, AFG
7.56725, 1926, Mar Average, Afghanistan, AFG
10.4079, 1926, Apr Average, Afghanistan, AFG
18.1209, 1926, May Average, Afghanistan, AFG
22.3607, 1926, Jun Average, Afghanistan, AFG
24.899, 1926, Jul Average, Afghanistan, AFG
25.0404, 1926, Aug Average, Afghanistan, AFG
19.5919, 1926, Sep Average, Afghanistan, AFG
12.7845, 1926, Oct Average, Afghanistan, AFG
3.34227, 1926, Nov Average, Afghanistan, AFG
3.17395, 1926, Dec Average, Afghanistan, AFG
-2.055, 1927, Jan Average, Afghanistan, AFG
0.69614, 1927, Feb Average, Afghanistan, AFG
5.23632, 1927, Mar Average, Afghanistan, AFG
13.3358, 1927, Apr Average, Afghanistan, AFG
18.331, 1927, May Average, Afghanistan, AFG
23.0598, 1927, Jun Average, Afghanistan, AFG
25.9664, 1927, Jul Average, Afghanistan, AFG
24.2059, 1927, Aug Average, Afghanistan, AFG
19.3315, 1927, Sep Average, Afghanistan, AFG
15.0826, 1927, Oct Average, Afghanistan, AFG
6.45339, 1927, Nov Average, Afghanistan, AFG
2.8792, 1927, Dec Average, Afghanistan, AFG
-1.7616, 1928, Jan Average, Afghanistan, AFG
2.05356, 1928, Feb Average, Afghanistan, AFG
4.67113, 1928, Mar Average, Afghanistan, AFG
13.5359, 1928, Apr Average, Afghanistan, AFG
18.8731, 1928, May Average, Afghanistan, AFG
23.1555, 1928, Jun Average, Afghanistan, AFG
23.9512, 1928, Jul Average, Afghanistan, AFG
22.4147, 1928, Aug Average, Afghanistan, AFG
17.37, 1928, Sep Average, Afghanistan, AFG
12.7152, 1928, Oct Average, Afghanistan, AFG
7.17005, 1928, Nov Average, Afghanistan, AFG
1.52405, 1928, Dec Average, Afghanistan, AFG
-3.6137, 1929, Jan Average, Afghanistan, AFG
0.04578, 1929, Feb Average, Afghanistan, AFG
8.4222, 1929, Mar Average, Afghanistan, AFG
15.1786, 1929, Apr Average, Afghanistan, AFG
17.843, 1929, May Average, Afghanistan, AFG
22.2441, 1929, Jun Average, Afghanistan, AFG
24.4163, 1929, Jul Average, Afghanistan, AFG
22.6401, 1929, Aug Average, Afghanistan, AFG
20.1429, 1929, Sep Average, Afghanistan, AFG
11.7487, 1929, Oct Average, Afghanistan, AFG
5.92879, 1929, Nov Average, Afghanistan, AFG
-2.6765, 1929, Dec Average, Afghanistan, AFG
-5.4983, 1930, Jan Average, Afghanistan, AFG
-0.3035, 1930, Feb Average, Afghanistan, AFG
6.88796, 1930, Mar Average, Afghanistan, AFG
11.7176, 1930, Apr Average, Afghanistan, AFG
17.9507, 1930, May Average, Afghanistan, AFG
23.3231, 1930, Jun Average, Afghanistan, AFG
25.7122, 1930, Jul Average, Afghanistan, AFG
23.2157, 1930, Aug Average, Afghanistan, AFG
17.4856, 1930, Sep Average, Afghanistan, AFG
12.5825, 1930, Oct Average, Afghanistan, AFG
8.11471, 1930, Nov Average, Afghanistan, AFG
0.55697, 1930, Dec Average, Afghanistan, AFG
0.18633, 1931, Jan Average, Afghanistan, AFG
-2.6327, 1931, Feb Average, Afghanistan, AFG
7.64379, 1931, Mar Average, Afghanistan, AFG
14.2446, 1931, Apr Average, Afghanistan, AFG
16.545, 1931, May Average, Afghanistan, AFG
21.5451, 1931, Jun Average, Afghanistan, AFG
24.2599, 1931, Jul Average, Afghanistan, AFG
24.5102, 1931, Aug Average, Afghanistan, AFG
19.5723, 1931, Sep Average, Afghanistan, AFG
12.7591, 1931, Oct Average, Afghanistan, AFG
5.60332, 1931, Nov Average, Afghanistan, AFG
1.27799, 1931, Dec Average, Afghanistan, AFG
0.63495, 1932, Jan Average, Afghanistan, AFG
2.71495, 1932, Feb Average, Afghanistan, AFG
8.15216, 1932, Mar Average, Afghanistan, AFG
14.8527, 1932, Apr Average, Afghanistan, AFG
16.8344, 1932, May Average, Afghanistan, AFG
22.7501, 1932, Jun Average, Afghanistan, AFG
25.4726, 1932, Jul Average, Afghanistan, AFG
22.5658, 1932, Aug Average, Afghanistan, AFG
19.0288, 1932, Sep Average, Afghanistan, AFG
11.8948, 1932, Oct Average, Afghanistan, AFG
5.62468, 1932, Nov Average, Afghanistan, AFG
-1.4281, 1932, Dec Average, Afghanistan, AFG
-3.0645, 1933, Jan Average, Afghanistan, AFG
2.96393, 1933, Feb Average, Afghanistan, AFG
5.4081, 1933, Mar Average, Afghanistan, AFG
11.854, 1933, Apr Average, Afghanistan, AFG
18.6674, 1933, May Average, Afghanistan, AFG
22.8752, 1933, Jun Average, Afghanistan, AFG
25.933, 1933, Jul Average, Afghanistan, AFG
23.6693, 1933, Aug Average, Afghanistan, AFG
18.1718, 1933, Sep Average, Afghanistan, AFG
12.493, 1933, Oct Average, Afghanistan, AFG
7.33607, 1933, Nov Average, Afghanistan, AFG
3.55236, 1933, Dec Average, Afghanistan, AFG
-4.8483, 1934, Jan Average, Afghanistan, AFG
4.53424, 1934, Feb Average, Afghanistan, AFG
6.77267, 1934, Mar Average, Afghanistan, AFG
12.21, 1934, Apr Average, Afghanistan, AFG
15.3134, 1934, May Average, Afghanistan, AFG
23.1446, 1934, Jun Average, Afghanistan, AFG
24.7089, 1934, Jul Average, Afghanistan, AFG
24.3148, 1934, Aug Average, Afghanistan, AFG
18.2132, 1934, Sep Average, Afghanistan, AFG
11.8668, 1934, Oct Average, Afghanistan, AFG
5.13415, 1934, Nov Average, Afghanistan, AFG
2.91487, 1934, Dec Average, Afghanistan, AFG
-3.1749, 1935, Jan Average, Afghanistan, AFG
3.40372, 1935, Feb Average, Afghanistan, AFG
7.33223, 1935, Mar Average, Afghanistan, AFG
11.8209, 1935, Apr Average, Afghanistan, AFG
17.1423, 1935, May Average, Afghanistan, AFG
21.042, 1935, Jun Average, Afghanistan, AFG
24.8838, 1935, Jul Average, Afghanistan, AFG
24.2863, 1935, Aug Average, Afghanistan, AFG
18.5262, 1935, Sep Average, Afghanistan, AFG
12.7056, 1935, Oct Average, Afghanistan, AFG
5.13568, 1935, Nov Average, Afghanistan, AFG
1.69046, 1935, Dec Average, Afghanistan, AFG
-1.377, 1936, Jan Average, Afghanistan, AFG
3.61339, 1936, Feb Average, Afghanistan, AFG
5.18336, 1936, Mar Average, Afghanistan, AFG
12.2646, 1936, Apr Average, Afghanistan, AFG
19.9217, 1936, May Average, Afghanistan, AFG
23.7605, 1936, Jun Average, Afghanistan, AFG
24.9671, 1936, Jul Average, Afghanistan, AFG
23.4601, 1936, Aug Average, Afghanistan, AFG
19.8333, 1936, Sep Average, Afghanistan, AFG
14.7931, 1936, Oct Average, Afghanistan, AFG
6.28059, 1936, Nov Average, Afghanistan, AFG
0.8128, 1936, Dec Average, Afghanistan, AFG
-2.2414, 1937, Jan Average, Afghanistan, AFG
2.7211, 1937, Feb Average, Afghanistan, AFG
4.95076, 1937, Mar Average, Afghanistan, AFG
10.8898, 1937, Apr Average, Afghanistan, AFG
18.2891, 1937, May Average, Afghanistan, AFG
23.3773, 1937, Jun Average, Afghanistan, AFG
25.4416, 1937, Jul Average, Afghanistan, AFG
24.3876, 1937, Aug Average, Afghanistan, AFG
19.2397, 1937, Sep Average, Afghanistan, AFG
12.1497, 1937, Oct Average, Afghanistan, AFG
5.32412, 1937, Nov Average, Afghanistan, AFG
0.70613, 1937, Dec Average, Afghanistan, AFG
0.79394, 1938, Jan Average, Afghanistan, AFG
2.77639, 1938, Feb Average, Afghanistan, AFG
6.21646, 1938, Mar Average, Afghanistan, AFG
14.3674, 1938, Apr Average, Afghanistan, AFG
20.6008, 1938, May Average, Afghanistan, AFG
22.2836, 1938, Jun Average, Afghanistan, AFG
24.3969, 1938, Jul Average, Afghanistan, AFG
23.846, 1938, Aug Average, Afghanistan, AFG
18.7434, 1938, Sep Average, Afghanistan, AFG
12.7521, 1938, Oct Average, Afghanistan, AFG
5.12986, 1938, Nov Average, Afghanistan, AFG
2.20074, 1938, Dec Average, Afghanistan, AFG
1.1556, 1939, Jan Average, Afghanistan, AFG
2.03543, 1939, Feb Average, Afghanistan, AFG
5.09357, 1939, Mar Average, Afghanistan, AFG
10.0518, 1939, Apr Average, Afghanistan, AFG
17.6742, 1939, May Average, Afghanistan, AFG
24.4846, 1939, Jun Average, Afghanistan, AFG
25.1596, 1939, Jul Average, Afghanistan, AFG
23.7335, 1939, Aug Average, Afghanistan, AFG
19.7633, 1939, Sep Average, Afghanistan, AFG
13.3526, 1939, Oct Average, Afghanistan, AFG
7.68502, 1939, Nov Average, Afghanistan, AFG
4.869, 1939, Dec Average, Afghanistan, AFG
2.11452, 1940, Jan Average, Afghanistan, AFG
4.17434, 1940, Feb Average, Afghanistan, AFG
5.67578, 1940, Mar Average, Afghanistan, AFG
13.2806, 1940, Apr Average, Afghanistan, AFG
18.2911, 1940, May Average, Afghanistan, AFG
23.9365, 1940, Jun Average, Afghanistan, AFG
25.8139, 1940, Jul Average, Afghanistan, AFG
23.2111, 1940, Aug Average, Afghanistan, AFG
19.1622, 1940, Sep Average, Afghanistan, AFG
14.7078, 1940, Oct Average, Afghanistan, AFG
8.02228, 1940, Nov Average, Afghanistan, AFG
3.69792, 1940, Dec Average, Afghanistan, AFG
0.27641, 1941, Jan Average, Afghanistan, AFG
5.4479, 1941, Feb Average, Afghanistan, AFG
9.99832, 1941, Mar Average, Afghanistan, AFG
14.4327, 1941, Apr Average, Afghanistan, AFG
19.9822, 1941, May Average, Afghanistan, AFG
24.3181, 1941, Jun Average, Afghanistan, AFG
24.8854, 1941, Jul Average, Afghanistan, AFG
24.6843, 1941, Aug Average, Afghanistan, AFG
19.0573, 1941, Sep Average, Afghanistan, AFG
15.8634, 1941, Oct Average, Afghanistan, AFG
7.49161, 1941, Nov Average, Afghanistan, AFG
3.13308, 1941, Dec Average, Afghanistan, AFG
0.7282, 1942, Jan Average, Afghanistan, AFG
1.21574, 1942, Feb Average, Afghanistan, AFG
8.65851, 1942, Mar Average, Afghanistan, AFG
13.5724, 1942, Apr Average, Afghanistan, AFG
18.9535, 1942, May Average, Afghanistan, AFG
22.8885, 1942, Jun Average, Afghanistan, AFG
25.3868, 1942, Jul Average, Afghanistan, AFG
23.1434, 1942, Aug Average, Afghanistan, AFG
18.4882, 1942, Sep Average, Afghanistan, AFG
14.0305, 1942, Oct Average, Afghanistan, AFG
9.27713, 1942, Nov Average, Afghanistan, AFG
1.34136, 1942, Dec Average, Afghanistan, AFG
-0.903, 1943, Jan Average, Afghanistan, AFG
1.9381, 1943, Feb Average, Afghanistan, AFG
5.80092, 1943, Mar Average, Afghanistan, AFG
11.8163, 1943, Apr Average, Afghanistan, AFG
17.2108, 1943, May Average, Afghanistan, AFG
22.1766, 1943, Jun Average, Afghanistan, AFG
25.272, 1943, Jul Average, Afghanistan, AFG
24.0627, 1943, Aug Average, Afghanistan, AFG
18.8433, 1943, Sep Average, Afghanistan, AFG
12.3343, 1943, Oct Average, Afghanistan, AFG
6.61902, 1943, Nov Average, Afghanistan, AFG
4.4004, 1943, Dec Average, Afghanistan, AFG
1.50451, 1944, Jan Average, Afghanistan, AFG
3.32644, 1944, Feb Average, Afghanistan, AFG
10.1751, 1944, Mar Average, Afghanistan, AFG
13.2066, 1944, Apr Average, Afghanistan, AFG
19.3196, 1944, May Average, Afghanistan, AFG
23.2703, 1944, Jun Average, Afghanistan, AFG
26.6997, 1944, Jul Average, Afghanistan, AFG
23.9783, 1944, Aug Average, Afghanistan, AFG
18.1922, 1944, Sep Average, Afghanistan, AFG
12.8157, 1944, Oct Average, Afghanistan, AFG
7.2332, 1944, Nov Average, Afghanistan, AFG
-2.0469, 1944, Dec Average, Afghanistan, AFG
-1.4945, 1945, Jan Average, Afghanistan, AFG
0.511, 1945, Feb Average, Afghanistan, AFG
6.59818, 1945, Mar Average, Afghanistan, AFG
12.1952, 1945, Apr Average, Afghanistan, AFG
16.9989, 1945, May Average, Afghanistan, AFG
22.9502, 1945, Jun Average, Afghanistan, AFG
24.816, 1945, Jul Average, Afghanistan, AFG
24.6122, 1945, Aug Average, Afghanistan, AFG
19.6957, 1945, Sep Average, Afghanistan, AFG
13.5077, 1945, Oct Average, Afghanistan, AFG
6.88738, 1945, Nov Average, Afghanistan, AFG
1.91471, 1945, Dec Average, Afghanistan, AFG
-0.0345, 1946, Jan Average, Afghanistan, AFG
4.91921, 1946, Feb Average, Afghanistan, AFG
8.07632, 1946, Mar Average, Afghanistan, AFG
15.7644, 1946, Apr Average, Afghanistan, AFG
20.8864, 1946, May Average, Afghanistan, AFG
23.1791, 1946, Jun Average, Afghanistan, AFG
25.0201, 1946, Jul Average, Afghanistan, AFG
23.7911, 1946, Aug Average, Afghanistan, AFG
19.5279, 1946, Sep Average, Afghanistan, AFG
14.8621, 1946, Oct Average, Afghanistan, AFG
4.23884, 1946, Nov Average, Afghanistan, AFG
-1.5612, 1946, Dec Average, Afghanistan, AFG
1.41309, 1947, Jan Average, Afghanistan, AFG
2.95933, 1947, Feb Average, Afghanistan, AFG
9.9138, 1947, Mar Average, Afghanistan, AFG
14.2169, 1947, Apr Average, Afghanistan, AFG
18.3782, 1947, May Average, Afghanistan, AFG
22.6156, 1947, Jun Average, Afghanistan, AFG
24.7334, 1947, Jul Average, Afghanistan, AFG
25.1885, 1947, Aug Average, Afghanistan, AFG
19.6381, 1947, Sep Average, Afghanistan, AFG
13.3662, 1947, Oct Average, Afghanistan, AFG
9.99531, 1947, Nov Average, Afghanistan, AFG
2.5123, 1947, Dec Average, Afghanistan, AFG
2.29104, 1948, Jan Average, Afghanistan, AFG
3.3749, 1948, Feb Average, Afghanistan, AFG
6.76657, 1948, Mar Average, Afghanistan, AFG
12.9808, 1948, Apr Average, Afghanistan, AFG
19.6999, 1948, May Average, Afghanistan, AFG
22.7654, 1948, Jun Average, Afghanistan, AFG
25.8236, 1948, Jul Average, Afghanistan, AFG
23.8164, 1948, Aug Average, Afghanistan, AFG
19.1619, 1948, Sep Average, Afghanistan, AFG
12.8715, 1948, Oct Average, Afghanistan, AFG
5.90642, 1948, Nov Average, Afghanistan, AFG
0.60029, 1948, Dec Average, Afghanistan, AFG
-1.867, 1949, Jan Average, Afghanistan, AFG
2.07054, 1949, Feb Average, Afghanistan, AFG
7.02345, 1949, Mar Average, Afghanistan, AFG
13.4698, 1949, Apr Average, Afghanistan, AFG
18.6097, 1949, May Average, Afghanistan, AFG
21.2776, 1949, Jun Average, Afghanistan, AFG
25.4737, 1949, Jul Average, Afghanistan, AFG
22.9967, 1949, Aug Average, Afghanistan, AFG
19.0838, 1949, Sep Average, Afghanistan, AFG
10.5157, 1949, Oct Average, Afghanistan, AFG
4.28205, 1949, Nov Average, Afghanistan, AFG
2.17731, 1949, Dec Average, Afghanistan, AFG
-1.2277, 1950, Jan Average, Afghanistan, AFG
-1.0584, 1950, Feb Average, Afghanistan, AFG
6.79904, 1950, Mar Average, Afghanistan, AFG
10.7827, 1950, Apr Average, Afghanistan, AFG
18.437, 1950, May Average, Afghanistan, AFG
22.8049, 1950, Jun Average, Afghanistan, AFG
25.3404, 1950, Jul Average, Afghanistan, AFG
23.6132, 1950, Aug Average, Afghanistan, AFG
17.716, 1950, Sep Average, Afghanistan, AFG
13.1569, 1950, Oct Average, Afghanistan, AFG
3.99123, 1950, Nov Average, Afghanistan, AFG
-0.9169, 1950, Dec Average, Afghanistan, AFG
-0.1929, 1951, Jan Average, Afghanistan, AFG
-0.2676, 1951, Feb Average, Afghanistan, AFG
5.92523, 1951, Mar Average, Afghanistan, AFG
12.0127, 1951, Apr Average, Afghanistan, AFG
18.1885, 1951, May Average, Afghanistan, AFG
21.1288, 1951, Jun Average, Afghanistan, AFG
24.584, 1951, Jul Average, Afghanistan, AFG
23.4424, 1951, Aug Average, Afghanistan, AFG
19.9296, 1951, Sep Average, Afghanistan, AFG
15.3455, 1951, Oct Average, Afghanistan, AFG
7.23615, 1951, Nov Average, Afghanistan, AFG
4.43303, 1951, Dec Average, Afghanistan, AFG
0.86158, 1952, Jan Average, Afghanistan, AFG
4.60977, 1952, Feb Average, Afghanistan, AFG
7.31331, 1952, Mar Average, Afghanistan, AFG
14.0326, 1952, Apr Average, Afghanistan, AFG
17.8433, 1952, May Average, Afghanistan, AFG
23.1839, 1952, Jun Average, Afghanistan, AFG
25.0373, 1952, Jul Average, Afghanistan, AFG
23.4165, 1952, Aug Average, Afghanistan, AFG
18.3596, 1952, Sep Average, Afghanistan, AFG
12.3721, 1952, Oct Average, Afghanistan, AFG
5.03977, 1952, Nov Average, Afghanistan, AFG
1.59314, 1952, Dec Average, Afghanistan, AFG
1.50973, 1953, Jan Average, Afghanistan, AFG
5.72058, 1953, Feb Average, Afghanistan, AFG
8.10131, 1953, Mar Average, Afghanistan, AFG
13.1068, 1953, Apr Average, Afghanistan, AFG
18.4175, 1953, May Average, Afghanistan, AFG
22.9572, 1953, Jun Average, Afghanistan, AFG
25.7561, 1953, Jul Average, Afghanistan, AFG
23.5825, 1953, Aug Average, Afghanistan, AFG
19.0036, 1953, Sep Average, Afghanistan, AFG
11.7262, 1953, Oct Average, Afghanistan, AFG
6.31991, 1953, Nov Average, Afghanistan, AFG
3.06346, 1953, Dec Average, Afghanistan, AFG
0.42489, 1954, Jan Average, Afghanistan, AFG
1.52272, 1954, Feb Average, Afghanistan, AFG
6.27375, 1954, Mar Average, Afghanistan, AFG
13.1461, 1954, Apr Average, Afghanistan, AFG
18.6342, 1954, May Average, Afghanistan, AFG
22.1899, 1954, Jun Average, Afghanistan, AFG
24.5508, 1954, Jul Average, Afghanistan, AFG
23.4269, 1954, Aug Average, Afghanistan, AFG
18.9816, 1954, Sep Average, Afghanistan, AFG
12.2325, 1954, Oct Average, Afghanistan, AFG
6.1569, 1954, Nov Average, Afghanistan, AFG
1.49886, 1954, Dec Average, Afghanistan, AFG
0.91587, 1955, Jan Average, Afghanistan, AFG
4.93537, 1955, Feb Average, Afghanistan, AFG
8.69604, 1955, Mar Average, Afghanistan, AFG
11.9379, 1955, Apr Average, Afghanistan, AFG
16.4976, 1955, May Average, Afghanistan, AFG
22.3723, 1955, Jun Average, Afghanistan, AFG
25.3368, 1955, Jul Average, Afghanistan, AFG
24.6083, 1955, Aug Average, Afghanistan, AFG
19.5875, 1955, Sep Average, Afghanistan, AFG
12.0782, 1955, Oct Average, Afghanistan, AFG
8.12952, 1955, Nov Average, Afghanistan, AFG
4.20679, 1955, Dec Average, Afghanistan, AFG
0.03439, 1956, Jan Average, Afghanistan, AFG
2.94631, 1956, Feb Average, Afghanistan, AFG
6.85336, 1956, Mar Average, Afghanistan, AFG
13.427, 1956, Apr Average, Afghanistan, AFG
19.8369, 1956, May Average, Afghanistan, AFG
21.9381, 1956, Jun Average, Afghanistan, AFG
25.167, 1956, Jul Average, Afghanistan, AFG
23.014, 1956, Aug Average, Afghanistan, AFG
19.2898, 1956, Sep Average, Afghanistan, AFG
12.2006, 1956, Oct Average, Afghanistan, AFG
7.26875, 1956, Nov Average, Afghanistan, AFG
1.45349, 1956, Dec Average, Afghanistan, AFG
-2.0526, 1957, Jan Average, Afghanistan, AFG
0.29742, 1957, Feb Average, Afghanistan, AFG
7.3432, 1957, Mar Average, Afghanistan, AFG
10.5389, 1957, Apr Average, Afghanistan, AFG
16.4363, 1957, May Average, Afghanistan, AFG
21.6587, 1957, Jun Average, Afghanistan, AFG
24.1053, 1957, Jul Average, Afghanistan, AFG
22.9702, 1957, Aug Average, Afghanistan, AFG
17.8959, 1957, Sep Average, Afghanistan, AFG
12.0346, 1957, Oct Average, Afghanistan, AFG
5.82897, 1957, Nov Average, Afghanistan, AFG
2.60023, 1957, Dec Average, Afghanistan, AFG
3.05448, 1958, Jan Average, Afghanistan, AFG
3.49518, 1958, Feb Average, Afghanistan, AFG
9.46437, 1958, Mar Average, Afghanistan, AFG
14.7135, 1958, Apr Average, Afghanistan, AFG
16.7515, 1958, May Average, Afghanistan, AFG
23.1458, 1958, Jun Average, Afghanistan, AFG
25.629, 1958, Jul Average, Afghanistan, AFG
23.4849, 1958, Aug Average, Afghanistan, AFG
19.313, 1958, Sep Average, Afghanistan, AFG
12.9238, 1958, Oct Average, Afghanistan, AFG
4.38991, 1958, Nov Average, Afghanistan, AFG
3.96764, 1958, Dec Average, Afghanistan, AFG
0.11793, 1959, Jan Average, Afghanistan, AFG
0.48854, 1959, Feb Average, Afghanistan, AFG
7.41601, 1959, Mar Average, Afghanistan, AFG
14.1225, 1959, Apr Average, Afghanistan, AFG
17.5666, 1959, May Average, Afghanistan, AFG
23.0619, 1959, Jun Average, Afghanistan, AFG
24.2565, 1959, Jul Average, Afghanistan, AFG
25.02, 1959, Aug Average, Afghanistan, AFG
21.1999, 1959, Sep Average, Afghanistan, AFG
14.2654, 1959, Oct Average, Afghanistan, AFG
5.39484, 1959, Nov Average, Afghanistan, AFG
0.02274, 1959, Dec Average, Afghanistan, AFG
1.77321, 1960, Jan Average, Afghanistan, AFG
5.73581, 1960, Feb Average, Afghanistan, AFG
4.52724, 1960, Mar Average, Afghanistan, AFG
10.9987, 1960, Apr Average, Afghanistan, AFG
16.7012, 1960, May Average, Afghanistan, AFG
23.4273, 1960, Jun Average, Afghanistan, AFG
24.8712, 1960, Jul Average, Afghanistan, AFG
24.1827, 1960, Aug Average, Afghanistan, AFG
19.105, 1960, Sep Average, Afghanistan, AFG
13.118, 1960, Oct Average, Afghanistan, AFG
5.94564, 1960, Nov Average, Afghanistan, AFG
1.12189, 1960, Dec Average, Afghanistan, AFG
1.39097, 1961, Jan Average, Afghanistan, AFG
0.90369, 1961, Feb Average, Afghanistan, AFG
8.00043, 1961, Mar Average, Afghanistan, AFG
12.3588, 1961, Apr Average, Afghanistan, AFG
19.2618, 1961, May Average, Afghanistan, AFG
22.7845, 1961, Jun Average, Afghanistan, AFG
25.5794, 1961, Jul Average, Afghanistan, AFG
23.7778, 1961, Aug Average, Afghanistan, AFG
20.5201, 1961, Sep Average, Afghanistan, AFG
11.7826, 1961, Oct Average, Afghanistan, AFG
6.17419, 1961, Nov Average, Afghanistan, AFG
3.08765, 1961, Dec Average, Afghanistan, AFG
0.2178, 1962, Jan Average, Afghanistan, AFG
4.86073, 1962, Feb Average, Afghanistan, AFG
9.21193, 1962, Mar Average, Afghanistan, AFG
13.1595, 1962, Apr Average, Afghanistan, AFG
17.8021, 1962, May Average, Afghanistan, AFG
22.026, 1962, Jun Average, Afghanistan, AFG
25.1854, 1962, Jul Average, Afghanistan, AFG
23.305, 1962, Aug Average, Afghanistan, AFG
17.3479, 1962, Sep Average, Afghanistan, AFG
12.0959, 1962, Oct Average, Afghanistan, AFG
4.31819, 1962, Nov Average, Afghanistan, AFG
1.7511, 1962, Dec Average, Afghanistan, AFG
2.56103, 1963, Jan Average, Afghanistan, AFG
6.13385, 1963, Feb Average, Afghanistan, AFG
7.92977, 1963, Mar Average, Afghanistan, AFG
13.9198, 1963, Apr Average, Afghanistan, AFG
17.1359, 1963, May Average, Afghanistan, AFG
23.9893, 1963, Jun Average, Afghanistan, AFG
25.2344, 1963, Jul Average, Afghanistan, AFG
23.5669, 1963, Aug Average, Afghanistan, AFG
19.0576, 1963, Sep Average, Afghanistan, AFG
14.6614, 1963, Oct Average, Afghanistan, AFG
7.13441, 1963, Nov Average, Afghanistan, AFG
1.89387, 1963, Dec Average, Afghanistan, AFG
-4.1752, 1964, Jan Average, Afghanistan, AFG
2.35688, 1964, Feb Average, Afghanistan, AFG
9.31992, 1964, Mar Average, Afghanistan, AFG
12.6143, 1964, Apr Average, Afghanistan, AFG
17.8062, 1964, May Average, Afghanistan, AFG
22.3411, 1964, Jun Average, Afghanistan, AFG
24.9046, 1964, Jul Average, Afghanistan, AFG
24.2136, 1964, Aug Average, Afghanistan, AFG
18.7699, 1964, Sep Average, Afghanistan, AFG
10.272, 1964, Oct Average, Afghanistan, AFG
5.96833, 1964, Nov Average, Afghanistan, AFG
-1.2292, 1964, Dec Average, Afghanistan, AFG
1.63985, 1965, Jan Average, Afghanistan, AFG
2.47048, 1965, Feb Average, Afghanistan, AFG
7.0145, 1965, Mar Average, Afghanistan, AFG
11.3304, 1965, Apr Average, Afghanistan, AFG
17.6977, 1965, May Average, Afghanistan, AFG
22.2347, 1965, Jun Average, Afghanistan, AFG
25.015, 1965, Jul Average, Afghanistan, AFG
22.7714, 1965, Aug Average, Afghanistan, AFG
18.253, 1965, Sep Average, Afghanistan, AFG
15.0494, 1965, Oct Average, Afghanistan, AFG
8.53311, 1965, Nov Average, Afghanistan, AFG
1.75895, 1965, Dec Average, Afghanistan, AFG
3.86838, 1966, Jan Average, Afghanistan, AFG
6.16489, 1966, Feb Average, Afghanistan, AFG
7.70107, 1966, Mar Average, Afghanistan, AFG
12.1127, 1966, Apr Average, Afghanistan, AFG
17.6204, 1966, May Average, Afghanistan, AFG
24.0696, 1966, Jun Average, Afghanistan, AFG
24.5635, 1966, Jul Average, Afghanistan, AFG
23.668, 1966, Aug Average, Afghanistan, AFG
18.628, 1966, Sep Average, Afghanistan, AFG
12.5213, 1966, Oct Average, Afghanistan, AFG
4.45945, 1966, Nov Average, Afghanistan, AFG
2.01452, 1966, Dec Average, Afghanistan, AFG
-0.9853, 1967, Jan Average, Afghanistan, AFG
2.94731, 1967, Feb Average, Afghanistan, AFG
7.11538, 1967, Mar Average, Afghanistan, AFG
11.9819, 1967, Apr Average, Afghanistan, AFG
16.5862, 1967, May Average, Afghanistan, AFG
22.0694, 1967, Jun Average, Afghanistan, AFG
25.2267, 1967, Jul Average, Afghanistan, AFG
23.3582, 1967, Aug Average, Afghanistan, AFG
19.326, 1967, Sep Average, Afghanistan, AFG
12.5635, 1967, Oct Average, Afghanistan, AFG
7.83195, 1967, Nov Average, Afghanistan, AFG
2.27867, 1967, Dec Average, Afghanistan, AFG
0.55694, 1968, Jan Average, Afghanistan, AFG
0.78499, 1968, Feb Average, Afghanistan, AFG
8.14769, 1968, Mar Average, Afghanistan, AFG
12.513, 1968, Apr Average, Afghanistan, AFG
16.1739, 1968, May Average, Afghanistan, AFG
22.8904, 1968, Jun Average, Afghanistan, AFG
24.5566, 1968, Jul Average, Afghanistan, AFG
23.2978, 1968, Aug Average, Afghanistan, AFG
18.8128, 1968, Sep Average, Afghanistan, AFG
12.7116, 1968, Oct Average, Afghanistan, AFG
7.25261, 1968, Nov Average, Afghanistan, AFG
2.68499, 1968, Dec Average, Afghanistan, AFG
-2.1458, 1969, Jan Average, Afghanistan, AFG
-0.7672, 1969, Feb Average, Afghanistan, AFG
9.85155, 1969, Mar Average, Afghanistan, AFG
12.5468, 1969, Apr Average, Afghanistan, AFG
16.9918, 1969, May Average, Afghanistan, AFG
22.7441, 1969, Jun Average, Afghanistan, AFG
25.014, 1969, Jul Average, Afghanistan, AFG
23.0249, 1969, Aug Average, Afghanistan, AFG
18.1749, 1969, Sep Average, Afghanistan, AFG
13.9014, 1969, Oct Average, Afghanistan, AFG
5.86665, 1969, Nov Average, Afghanistan, AFG
4.68552, 1969, Dec Average, Afghanistan, AFG
0.58862, 1970, Jan Average, Afghanistan, AFG
4.26148, 1970, Feb Average, Afghanistan, AFG
6.72276, 1970, Mar Average, Afghanistan, AFG
14.7613, 1970, Apr Average, Afghanistan, AFG
19.6323, 1970, May Average, Afghanistan, AFG
23.2675, 1970, Jun Average, Afghanistan, AFG
24.5474, 1970, Jul Average, Afghanistan, AFG
25.4214, 1970, Aug Average, Afghanistan, AFG
18.986, 1970, Sep Average, Afghanistan, AFG
13.6955, 1970, Oct Average, Afghanistan, AFG
7.59327, 1970, Nov Average, Afghanistan, AFG
2.08776, 1970, Dec Average, Afghanistan, AFG
-1.0926, 1971, Jan Average, Afghanistan, AFG
3.10182, 1971, Feb Average, Afghanistan, AFG
8.94683, 1971, Mar Average, Afghanistan, AFG
14.4163, 1971, Apr Average, Afghanistan, AFG
19.986, 1971, May Average, Afghanistan, AFG
24.0572, 1971, Jun Average, Afghanistan, AFG
24.8358, 1971, Jul Average, Afghanistan, AFG
23.6402, 1971, Aug Average, Afghanistan, AFG
17.9819, 1971, Sep Average, Afghanistan, AFG
12.7256, 1971, Oct Average, Afghanistan, AFG
8.42131, 1971, Nov Average, Afghanistan, AFG
4.5121, 1971, Dec Average, Afghanistan, AFG
-1.7772, 1972, Jan Average, Afghanistan, AFG
-3.7988, 1972, Feb Average, Afghanistan, AFG
5.87105, 1972, Mar Average, Afghanistan, AFG
12.6515, 1972, Apr Average, Afghanistan, AFG
16.7256, 1972, May Average, Afghanistan, AFG
22.4547, 1972, Jun Average, Afghanistan, AFG
23.4639, 1972, Jul Average, Afghanistan, AFG
21.305, 1972, Aug Average, Afghanistan, AFG
18.1977, 1972, Sep Average, Afghanistan, AFG
12.7459, 1972, Oct Average, Afghanistan, AFG
8.04042, 1972, Nov Average, Afghanistan, AFG
0.46644, 1972, Dec Average, Afghanistan, AFG
-2.6935, 1973, Jan Average, Afghanistan, AFG
3.23735, 1973, Feb Average, Afghanistan, AFG
7.24478, 1973, Mar Average, Afghanistan, AFG
14.1067, 1973, Apr Average, Afghanistan, AFG
18.5926, 1973, May Average, Afghanistan, AFG
24.7274, 1973, Jun Average, Afghanistan, AFG
25.2408, 1973, Jul Average, Afghanistan, AFG
24.0635, 1973, Aug Average, Afghanistan, AFG
18.7762, 1973, Sep Average, Afghanistan, AFG
13.0112, 1973, Oct Average, Afghanistan, AFG
7.40116, 1973, Nov Average, Afghanistan, AFG
1.7021, 1973, Dec Average, Afghanistan, AFG
-1.3287, 1974, Jan Average, Afghanistan, AFG
-1.3732, 1974, Feb Average, Afghanistan, AFG
8.61675, 1974, Mar Average, Afghanistan, AFG
14.0311, 1974, Apr Average, Afghanistan, AFG
18.0908, 1974, May Average, Afghanistan, AFG
22.5157, 1974, Jun Average, Afghanistan, AFG
25.1709, 1974, Jul Average, Afghanistan, AFG
22.6384, 1974, Aug Average, Afghanistan, AFG
18.692, 1974, Sep Average, Afghanistan, AFG
10.9155, 1974, Oct Average, Afghanistan, AFG
6.66057, 1974, Nov Average, Afghanistan, AFG
0.8123, 1974, Dec Average, Afghanistan, AFG
-0.7634, 1975, Jan Average, Afghanistan, AFG
1.00747, 1975, Feb Average, Afghanistan, AFG
6.66347, 1975, Mar Average, Afghanistan, AFG
12.4581, 1975, Apr Average, Afghanistan, AFG
17.9485, 1975, May Average, Afghanistan, AFG
22.9502, 1975, Jun Average, Afghanistan, AFG
25.0396, 1975, Jul Average, Afghanistan, AFG
23.9779, 1975, Aug Average, Afghanistan, AFG
19.2404, 1975, Sep Average, Afghanistan, AFG
12.3508, 1975, Oct Average, Afghanistan, AFG
4.82645, 1975, Nov Average, Afghanistan, AFG
1.86365, 1975, Dec Average, Afghanistan, AFG
2.26892, 1976, Jan Average, Afghanistan, AFG
1.0017, 1976, Feb Average, Afghanistan, AFG
4.86561, 1976, Mar Average, Afghanistan, AFG
12.4399, 1976, Apr Average, Afghanistan, AFG
18.4929, 1976, May Average, Afghanistan, AFG
22.4975, 1976, Jun Average, Afghanistan, AFG
25.7331, 1976, Jul Average, Afghanistan, AFG
23.7818, 1976, Aug Average, Afghanistan, AFG
19.525, 1976, Sep Average, Afghanistan, AFG
13.5011, 1976, Oct Average, Afghanistan, AFG
4.68167, 1976, Nov Average, Afghanistan, AFG
1.37466, 1976, Dec Average, Afghanistan, AFG
-3.512, 1977, Jan Average, Afghanistan, AFG
2.16546, 1977, Feb Average, Afghanistan, AFG
11.1887, 1977, Mar Average, Afghanistan, AFG
14.6042, 1977, Apr Average, Afghanistan, AFG
18.4547, 1977, May Average, Afghanistan, AFG
24.4965, 1977, Jun Average, Afghanistan, AFG
25.7564, 1977, Jul Average, Afghanistan, AFG
23.7603, 1977, Aug Average, Afghanistan, AFG
18.8447, 1977, Sep Average, Afghanistan, AFG
14.0677, 1977, Oct Average, Afghanistan, AFG
8.60416, 1977, Nov Average, Afghanistan, AFG
3.53161, 1977, Dec Average, Afghanistan, AFG
-0.4713, 1978, Jan Average, Afghanistan, AFG
1.9583, 1978, Feb Average, Afghanistan, AFG
6.14395, 1978, Mar Average, Afghanistan, AFG
14.5581, 1978, Apr Average, Afghanistan, AFG
19.13, 1978, May Average, Afghanistan, AFG
23.6383, 1978, Jun Average, Afghanistan, AFG
24.9074, 1978, Jul Average, Afghanistan, AFG
23.5318, 1978, Aug Average, Afghanistan, AFG
19.6839, 1978, Sep Average, Afghanistan, AFG
13.7808, 1978, Oct Average, Afghanistan, AFG
5.65374, 1978, Nov Average, Afghanistan, AFG
4.6158, 1978, Dec Average, Afghanistan, AFG
1.01424, 1979, Jan Average, Afghanistan, AFG
3.2522, 1979, Feb Average, Afghanistan, AFG
6.1882, 1979, Mar Average, Afghanistan, AFG
14.8598, 1979, Apr Average, Afghanistan, AFG
15.4335, 1979, May Average, Afghanistan, AFG
22.8531, 1979, Jun Average, Afghanistan, AFG
25.6814, 1979, Jul Average, Afghanistan, AFG
22.7876, 1979, Aug Average, Afghanistan, AFG
19.149, 1979, Sep Average, Afghanistan, AFG
14.8913, 1979, Oct Average, Afghanistan, AFG
5.8675, 1979, Nov Average, Afghanistan, AFG
3.5176, 1979, Dec Average, Afghanistan, AFG
-0.5934, 1980, Jan Average, Afghanistan, AFG
1.28186, 1980, Feb Average, Afghanistan, AFG
6.5888, 1980, Mar Average, Afghanistan, AFG
15.7408, 1980, Apr Average, Afghanistan, AFG
19.3147, 1980, May Average, Afghanistan, AFG
23.1357, 1980, Jun Average, Afghanistan, AFG
25.3971, 1980, Jul Average, Afghanistan, AFG
23.8046, 1980, Aug Average, Afghanistan, AFG
18.972, 1980, Sep Average, Afghanistan, AFG
13.687, 1980, Oct Average, Afghanistan, AFG
8.57533, 1980, Nov Average, Afghanistan, AFG
3.80429, 1980, Dec Average, Afghanistan, AFG
1.66998, 1981, Jan Average, Afghanistan, AFG
3.48834, 1981, Feb Average, Afghanistan, AFG
8.82033, 1981, Mar Average, Afghanistan, AFG
14.1983, 1981, Apr Average, Afghanistan, AFG
18.926, 1981, May Average, Afghanistan, AFG
22.2723, 1981, Jun Average, Afghanistan, AFG
25.2357, 1981, Jul Average, Afghanistan, AFG
23.4365, 1981, Aug Average, Afghanistan, AFG
18.8953, 1981, Sep Average, Afghanistan, AFG
11.974, 1981, Oct Average, Afghanistan, AFG
7.29184, 1981, Nov Average, Afghanistan, AFG
3.95322, 1981, Dec Average, Afghanistan, AFG
0.53916, 1982, Jan Average, Afghanistan, AFG
0.33346, 1982, Feb Average, Afghanistan, AFG
5.67558, 1982, Mar Average, Afghanistan, AFG
13.7276, 1982, Apr Average, Afghanistan, AFG
18.1604, 1982, May Average, Afghanistan, AFG
22.8374, 1982, Jun Average, Afghanistan, AFG
24.6942, 1982, Jul Average, Afghanistan, AFG
23.5971, 1982, Aug Average, Afghanistan, AFG
17.9911, 1982, Sep Average, Afghanistan, AFG
13.4788, 1982, Oct Average, Afghanistan, AFG
5.42487, 1982, Nov Average, Afghanistan, AFG
0.97413, 1982, Dec Average, Afghanistan, AFG
0.62101, 1983, Jan Average, Afghanistan, AFG
3.02287, 1983, Feb Average, Afghanistan, AFG
5.32598, 1983, Mar Average, Afghanistan, AFG
11.912, 1983, Apr Average, Afghanistan, AFG
18.8965, 1983, May Average, Afghanistan, AFG
23.3651, 1983, Jun Average, Afghanistan, AFG
26.0589, 1983, Jul Average, Afghanistan, AFG
25.476, 1983, Aug Average, Afghanistan, AFG
20.3507, 1983, Sep Average, Afghanistan, AFG
12.9176, 1983, Oct Average, Afghanistan, AFG
8.45746, 1983, Nov Average, Afghanistan, AFG
2.11822, 1983, Dec Average, Afghanistan, AFG
-0.0446, 1984, Jan Average, Afghanistan, AFG
-1.7579, 1984, Feb Average, Afghanistan, AFG
9.08908, 1984, Mar Average, Afghanistan, AFG
14.0198, 1984, Apr Average, Afghanistan, AFG
19.0472, 1984, May Average, Afghanistan, AFG
23.9957, 1984, Jun Average, Afghanistan, AFG
25.7185, 1984, Jul Average, Afghanistan, AFG
25.373, 1984, Aug Average, Afghanistan, AFG
18.3489, 1984, Sep Average, Afghanistan, AFG
11.7264, 1984, Oct Average, Afghanistan, AFG
8.16632, 1984, Nov Average, Afghanistan, AFG
0.02453, 1984, Dec Average, Afghanistan, AFG
0.46012, 1985, Jan Average, Afghanistan, AFG
4.80627, 1985, Feb Average, Afghanistan, AFG
7.66603, 1985, Mar Average, Afghanistan, AFG
14.143, 1985, Apr Average, Afghanistan, AFG
18.148, 1985, May Average, Afghanistan, AFG
24.0948, 1985, Jun Average, Afghanistan, AFG
26.0299, 1985, Jul Average, Afghanistan, AFG
23.1361, 1985, Aug Average, Afghanistan, AFG
19.1645, 1985, Sep Average, Afghanistan, AFG
12.5001, 1985, Oct Average, Afghanistan, AFG
7.28767, 1985, Nov Average, Afghanistan, AFG
2.66524, 1985, Dec Average, Afghanistan, AFG
0.68352, 1986, Jan Average, Afghanistan, AFG
2.25265, 1986, Feb Average, Afghanistan, AFG
4.91749, 1986, Mar Average, Afghanistan, AFG
13.1829, 1986, Apr Average, Afghanistan, AFG
18.6524, 1986, May Average, Afghanistan, AFG
23.1273, 1986, Jun Average, Afghanistan, AFG
25.0293, 1986, Jul Average, Afghanistan, AFG
22.9746, 1986, Aug Average, Afghanistan, AFG
19.2033, 1986, Sep Average, Afghanistan, AFG
14.3118, 1986, Oct Average, Afghanistan, AFG
7.01342, 1986, Nov Average, Afghanistan, AFG
1.54689, 1986, Dec Average, Afghanistan, AFG
2.65179, 1987, Jan Average, Afghanistan, AFG
3.94242, 1987, Feb Average, Afghanistan, AFG
9.0764, 1987, Mar Average, Afghanistan, AFG
13.1758, 1987, Apr Average, Afghanistan, AFG
17.9132, 1987, May Average, Afghanistan, AFG
22.272, 1987, Jun Average, Afghanistan, AFG
24.7136, 1987, Jul Average, Afghanistan, AFG
24.92, 1987, Aug Average, Afghanistan, AFG
20.1882, 1987, Sep Average, Afghanistan, AFG
11.5264, 1987, Oct Average, Afghanistan, AFG
7.69405, 1987, Nov Average, Afghanistan, AFG
4.1914, 1987, Dec Average, Afghanistan, AFG
1.62906, 1988, Jan Average, Afghanistan, AFG
2.96797, 1988, Feb Average, Afghanistan, AFG
7.72008, 1988, Mar Average, Afghanistan, AFG
14.9275, 1988, Apr Average, Afghanistan, AFG
19.7737, 1988, May Average, Afghanistan, AFG
24.0983, 1988, Jun Average, Afghanistan, AFG
26.1905, 1988, Jul Average, Afghanistan, AFG
23.9786, 1988, Aug Average, Afghanistan, AFG
19.8555, 1988, Sep Average, Afghanistan, AFG
13.1063, 1988, Oct Average, Afghanistan, AFG
8.88999, 1988, Nov Average, Afghanistan, AFG
4.9283, 1988, Dec Average, Afghanistan, AFG
-1.165, 1989, Jan Average, Afghanistan, AFG
-0.3523, 1989, Feb Average, Afghanistan, AFG
7.54526, 1989, Mar Average, Afghanistan, AFG
12.0802, 1989, Apr Average, Afghanistan, AFG
16.5022, 1989, May Average, Afghanistan, AFG
23.2173, 1989, Jun Average, Afghanistan, AFG
25.0208, 1989, Jul Average, Afghanistan, AFG
23.3408, 1989, Aug Average, Afghanistan, AFG
19.19, 1989, Sep Average, Afghanistan, AFG
14.3603, 1989, Oct Average, Afghanistan, AFG
7.70558, 1989, Nov Average, Afghanistan, AFG
4.39244, 1989, Dec Average, Afghanistan, AFG
0.99596, 1990, Jan Average, Afghanistan, AFG
2.57156, 1990, Feb Average, Afghanistan, AFG
7.02419, 1990, Mar Average, Afghanistan, AFG
12.8453, 1990, Apr Average, Afghanistan, AFG
20.2995, 1990, May Average, Afghanistan, AFG
23.9767, 1990, Jun Average, Afghanistan, AFG
25.4349, 1990, Jul Average, Afghanistan, AFG
24.8094, 1990, Aug Average, Afghanistan, AFG
20.3988, 1990, Sep Average, Afghanistan, AFG
12.9972, 1990, Oct Average, Afghanistan, AFG
8.502, 1990, Nov Average, Afghanistan, AFG
1.95711, 1990, Dec Average, Afghanistan, AFG
-0.0311, 1991, Jan Average, Afghanistan, AFG
1.43654, 1991, Feb Average, Afghanistan, AFG
6.88685, 1991, Mar Average, Afghanistan, AFG
12.9397, 1991, Apr Average, Afghanistan, AFG
17.0755, 1991, May Average, Afghanistan, AFG
23.0777, 1991, Jun Average, Afghanistan, AFG
25.571, 1991, Jul Average, Afghanistan, AFG
23.9673, 1991, Aug Average, Afghanistan, AFG
19.38, 1991, Sep Average, Afghanistan, AFG
12.8779, 1991, Oct Average, Afghanistan, AFG
7.31675, 1991, Nov Average, Afghanistan, AFG
4.23571, 1991, Dec Average, Afghanistan, AFG
0.74637, 1992, Jan Average, Afghanistan, AFG
2.46018, 1992, Feb Average, Afghanistan, AFG
5.71341, 1992, Mar Average, Afghanistan, AFG
11.6926, 1992, Apr Average, Afghanistan, AFG
16.1108, 1992, May Average, Afghanistan, AFG
22.8875, 1992, Jun Average, Afghanistan, AFG
24.7068, 1992, Jul Average, Afghanistan, AFG
22.8633, 1992, Aug Average, Afghanistan, AFG
17.8588, 1992, Sep Average, Afghanistan, AFG
12.6981, 1992, Oct Average, Afghanistan, AFG
8.32035, 1992, Nov Average, Afghanistan, AFG
4.47636, 1992, Dec Average, Afghanistan, AFG
-0.0835, 1993, Jan Average, Afghanistan, AFG
4.33465, 1993, Feb Average, Afghanistan, AFG
6.12034, 1993, Mar Average, Afghanistan, AFG
13.3735, 1993, Apr Average, Afghanistan, AFG
18.7452, 1993, May Average, Afghanistan, AFG
22.888, 1993, Jun Average, Afghanistan, AFG
24.632, 1993, Jul Average, Afghanistan, AFG
23.3201, 1993, Aug Average, Afghanistan, AFG
19.6343, 1993, Sep Average, Afghanistan, AFG
12.0373, 1993, Oct Average, Afghanistan, AFG
7.40369, 1993, Nov Average, Afghanistan, AFG
3.32008, 1993, Dec Average, Afghanistan, AFG
1.11415, 1994, Jan Average, Afghanistan, AFG
1.14112, 1994, Feb Average, Afghanistan, AFG
8.97734, 1994, Mar Average, Afghanistan, AFG
11.9926, 1994, Apr Average, Afghanistan, AFG
18.6745, 1994, May Average, Afghanistan, AFG
23.8788, 1994, Jun Average, Afghanistan, AFG
25.0045, 1994, Jul Average, Afghanistan, AFG
24.5555, 1994, Aug Average, Afghanistan, AFG
17.101, 1994, Sep Average, Afghanistan, AFG
12.5059, 1994, Oct Average, Afghanistan, AFG
9.5064, 1994, Nov Average, Afghanistan, AFG
2.50841, 1994, Dec Average, Afghanistan, AFG
0.92358, 1995, Jan Average, Afghanistan, AFG
2.96133, 1995, Feb Average, Afghanistan, AFG
6.36893, 1995, Mar Average, Afghanistan, AFG
12.2676, 1995, Apr Average, Afghanistan, AFG
18.1187, 1995, May Average, Afghanistan, AFG
23.4941, 1995, Jun Average, Afghanistan, AFG
25.7798, 1995, Jul Average, Afghanistan, AFG
24.376, 1995, Aug Average, Afghanistan, AFG
19.0225, 1995, Sep Average, Afghanistan, AFG
13.5466, 1995, Oct Average, Afghanistan, AFG
7.86943, 1995, Nov Average, Afghanistan, AFG
1.76217, 1995, Dec Average, Afghanistan, AFG
-0.4884, 1996, Jan Average, Afghanistan, AFG
2.86922, 1996, Feb Average, Afghanistan, AFG
7.29518, 1996, Mar Average, Afghanistan, AFG
13.2754, 1996, Apr Average, Afghanistan, AFG
17.2489, 1996, May Average, Afghanistan, AFG
22.8459, 1996, Jun Average, Afghanistan, AFG
24.7896, 1996, Jul Average, Afghanistan, AFG
23.3293, 1996, Aug Average, Afghanistan, AFG
20.2124, 1996, Sep Average, Afghanistan, AFG
12.8698, 1996, Oct Average, Afghanistan, AFG
5.62819, 1996, Nov Average, Afghanistan, AFG
3.12772, 1996, Dec Average, Afghanistan, AFG
1.08346, 1997, Jan Average, Afghanistan, AFG
2.14471, 1997, Feb Average, Afghanistan, AFG
6.98142, 1997, Mar Average, Afghanistan, AFG
12.498, 1997, Apr Average, Afghanistan, AFG
16.4327, 1997, May Average, Afghanistan, AFG
23.3475, 1997, Jun Average, Afghanistan, AFG
26, 1997, Jul Average, Afghanistan, AFG
23.9246, 1997, Aug Average, Afghanistan, AFG
19.8114, 1997, Sep Average, Afghanistan, AFG
14.2275, 1997, Oct Average, Afghanistan, AFG
5.86869, 1997, Nov Average, Afghanistan, AFG
2.09488, 1997, Dec Average, Afghanistan, AFG
0.37702, 1998, Jan Average, Afghanistan, AFG
1.63968, 1998, Feb Average, Afghanistan, AFG
7.0112, 1998, Mar Average, Afghanistan, AFG
14.8399, 1998, Apr Average, Afghanistan, AFG
18.3174, 1998, May Average, Afghanistan, AFG
22.6717, 1998, Jun Average, Afghanistan, AFG
25.7497, 1998, Jul Average, Afghanistan, AFG
24.2609, 1998, Aug Average, Afghanistan, AFG
19.7355, 1998, Sep Average, Afghanistan, AFG
14.2675, 1998, Oct Average, Afghanistan, AFG
7.85273, 1998, Nov Average, Afghanistan, AFG
4.55596, 1998, Dec Average, Afghanistan, AFG
0.53312, 1999, Jan Average, Afghanistan, AFG
4.96015, 1999, Feb Average, Afghanistan, AFG
7.70394, 1999, Mar Average, Afghanistan, AFG
14.4679, 1999, Apr Average, Afghanistan, AFG
19.0676, 1999, May Average, Afghanistan, AFG
24.0798, 1999, Jun Average, Afghanistan, AFG
25.8252, 1999, Jul Average, Afghanistan, AFG
24.483, 1999, Aug Average, Afghanistan, AFG
20.7824, 1999, Sep Average, Afghanistan, AFG
14.9555, 1999, Oct Average, Afghanistan, AFG
8.22556, 1999, Nov Average, Afghanistan, AFG
3.80288, 1999, Dec Average, Afghanistan, AFG
1.62425, 2000, Jan Average, Afghanistan, AFG
1.92871, 2000, Feb Average, Afghanistan, AFG
7.48463, 2000, Mar Average, Afghanistan, AFG
16.4319, 2000, Apr Average, Afghanistan, AFG
21.7835, 2000, May Average, Afghanistan, AFG
23.1498, 2000, Jun Average, Afghanistan, AFG
24.749, 2000, Jul Average, Afghanistan, AFG
23.9989, 2000, Aug Average, Afghanistan, AFG
19.6963, 2000, Sep Average, Afghanistan, AFG
13.8838, 2000, Oct Average, Afghanistan, AFG
6.76671, 2000, Nov Average, Afghanistan, AFG
3.78914, 2000, Dec Average, Afghanistan, AFG
-0.231, 2001, Jan Average, Afghanistan, AFG
2.98913, 2001, Feb Average, Afghanistan, AFG
8.45549, 2001, Mar Average, Afghanistan, AFG
15.7349, 2001, Apr Average, Afghanistan, AFG
21.5411, 2001, May Average, Afghanistan, AFG
24.0585, 2001, Jun Average, Afghanistan, AFG
25.3915, 2001, Jul Average, Afghanistan, AFG
23.9876, 2001, Aug Average, Afghanistan, AFG
19.0645, 2001, Sep Average, Afghanistan, AFG
13.9918, 2001, Oct Average, Afghanistan, AFG
8.41102, 2001, Nov Average, Afghanistan, AFG
4.7063, 2001, Dec Average, Afghanistan, AFG
1.81099, 2002, Jan Average, Afghanistan, AFG
3.04201, 2002, Feb Average, Afghanistan, AFG
9.28162, 2002, Mar Average, Afghanistan, AFG
14.2283, 2002, Apr Average, Afghanistan, AFG
19.4492, 2002, May Average, Afghanistan, AFG
23.6676, 2002, Jun Average, Afghanistan, AFG
25.3288, 2002, Jul Average, Afghanistan, AFG
24.8584, 2002, Aug Average, Afghanistan, AFG
19.2846, 2002, Sep Average, Afghanistan, AFG
15.1623, 2002, Oct Average, Afghanistan, AFG
7.97555, 2002, Nov Average, Afghanistan, AFG
1.69601, 2002, Dec Average, Afghanistan, AFG
1.64129, 2003, Jan Average, Afghanistan, AFG
3.51946, 2003, Feb Average, Afghanistan, AFG
7.63327, 2003, Mar Average, Afghanistan, AFG
13.9795, 2003, Apr Average, Afghanistan, AFG
16.5732, 2003, May Average, Afghanistan, AFG
23.36, 2003, Jun Average, Afghanistan, AFG
25.8287, 2003, Jul Average, Afghanistan, AFG
24.3286, 2003, Aug Average, Afghanistan, AFG
19.5703, 2003, Sep Average, Afghanistan, AFG
14.2839, 2003, Oct Average, Afghanistan, AFG
6.45859, 2003, Nov Average, Afghanistan, AFG
2.58429, 2003, Dec Average, Afghanistan, AFG
2.40628, 2004, Jan Average, Afghanistan, AFG
5.05846, 2004, Feb Average, Afghanistan, AFG
10.6776, 2004, Mar Average, Afghanistan, AFG
14.5146, 2004, Apr Average, Afghanistan, AFG
19.4212, 2004, May Average, Afghanistan, AFG
23.5871, 2004, Jun Average, Afghanistan, AFG
25.2224, 2004, Jul Average, Afghanistan, AFG
24.3188, 2004, Aug Average, Afghanistan, AFG
19.8138, 2004, Sep Average, Afghanistan, AFG
12.3066, 2004, Oct Average, Afghanistan, AFG
9.41479, 2004, Nov Average, Afghanistan, AFG
3.10866, 2004, Dec Average, Afghanistan, AFG
0.33975, 2005, Jan Average, Afghanistan, AFG
0.80086, 2005, Feb Average, Afghanistan, AFG
9.18563, 2005, Mar Average, Afghanistan, AFG
13.5752, 2005, Apr Average, Afghanistan, AFG
16.9292, 2005, May Average, Afghanistan, AFG
23.7403, 2005, Jun Average, Afghanistan, AFG
25.7917, 2005, Jul Average, Afghanistan, AFG
23.968, 2005, Aug Average, Afghanistan, AFG
20.8035, 2005, Sep Average, Afghanistan, AFG
14.5482, 2005, Oct Average, Afghanistan, AFG
7.36499, 2005, Nov Average, Afghanistan, AFG
3.53897, 2005, Dec Average, Afghanistan, AFG
-0.5844, 2006, Jan Average, Afghanistan, AFG
6.36982, 2006, Feb Average, Afghanistan, AFG
9.07679, 2006, Mar Average, Afghanistan, AFG
14.7185, 2006, Apr Average, Afghanistan, AFG
21.7727, 2006, May Average, Afghanistan, AFG
23.2928, 2006, Jun Average, Afghanistan, AFG
25.9808, 2006, Jul Average, Afghanistan, AFG
24.38, 2006, Aug Average, Afghanistan, AFG
19.3212, 2006, Sep Average, Afghanistan, AFG
16.3872, 2006, Oct Average, Afghanistan, AFG
8.09956, 2006, Nov Average, Afghanistan, AFG
1.19483, 2006, Dec Average, Afghanistan, AFG
0.50812, 2007, Jan Average, Afghanistan, AFG
3.83634, 2007, Feb Average, Afghanistan, AFG
7.24586, 2007, Mar Average, Afghanistan, AFG
16.5387, 2007, Apr Average, Afghanistan, AFG
19.1082, 2007, May Average, Afghanistan, AFG
23.8027, 2007, Jun Average, Afghanistan, AFG
25.1984, 2007, Jul Average, Afghanistan, AFG
23.979, 2007, Aug Average, Afghanistan, AFG
19.5104, 2007, Sep Average, Afghanistan, AFG
11.8312, 2007, Oct Average, Afghanistan, AFG
8.87729, 2007, Nov Average, Afghanistan, AFG
1.69748, 2007, Dec Average, Afghanistan, AFG
-4.1737, 2008, Jan Average, Afghanistan, AFG
0.89203, 2008, Feb Average, Afghanistan, AFG
11.7119, 2008, Mar Average, Afghanistan, AFG
14.5478, 2008, Apr Average, Afghanistan, AFG
20.8788, 2008, May Average, Afghanistan, AFG
25.4792, 2008, Jun Average, Afghanistan, AFG
26.1291, 2008, Jul Average, Afghanistan, AFG
24.0675, 2008, Aug Average, Afghanistan, AFG
20.0349, 2008, Sep Average, Afghanistan, AFG
14.8832, 2008, Oct Average, Afghanistan, AFG
7.17362, 2008, Nov Average, Afghanistan, AFG
3.40945, 2008, Dec Average, Afghanistan, AFG
1.53049, 2009, Jan Average, Afghanistan, AFG
4.82674, 2009, Feb Average, Afghanistan, AFG
10.1183, 2009, Mar Average, Afghanistan, AFG
11.8273, 2009, Apr Average, Afghanistan, AFG
19.4634, 2009, May Average, Afghanistan, AFG
22.0704, 2009, Jun Average, Afghanistan, AFG
25.7536, 2009, Jul Average, Afghanistan, AFG
25.4188, 2009, Aug Average, Afghanistan, AFG
20.2366, 2009, Sep Average, Afghanistan, AFG
13.3825, 2009, Oct Average, Afghanistan, AFG
7.23475, 2009, Nov Average, Afghanistan, AFG
3.5232, 2009, Dec Average, Afghanistan, AFG
3.18115, 2010, Jan Average, Afghanistan, AFG
2.94048, 2010, Feb Average, Afghanistan, AFG
10.9348, 2010, Mar Average, Afghanistan, AFG
16.0153, 2010, Apr Average, Afghanistan, AFG
19.0795, 2010, May Average, Afghanistan, AFG
23.3312, 2010, Jun Average, Afghanistan, AFG
25.2624, 2010, Jul Average, Afghanistan, AFG
24.1389, 2010, Aug Average, Afghanistan, AFG
18.8161, 2010, Sep Average, Afghanistan, AFG
15.7737, 2010, Oct Average, Afghanistan, AFG
7.3301, 2010, Nov Average, Afghanistan, AFG
2.46686, 2010, Dec Average, Afghanistan, AFG
0.58207, 2011, Jan Average, Afghanistan, AFG
2.48703, 2011, Feb Average, Afghanistan, AFG
8.27917, 2011, Mar Average, Afghanistan, AFG
14.8614, 2011, Apr Average, Afghanistan, AFG
21.2962, 2011, May Average, Afghanistan, AFG
25.1002, 2011, Jun Average, Afghanistan, AFG
25.5349, 2011, Jul Average, Afghanistan, AFG
25.0517, 2011, Aug Average, Afghanistan, AFG
19.6493, 2011, Sep Average, Afghanistan, AFG
14.4057, 2011, Oct Average, Afghanistan, AFG
6.98109, 2011, Nov Average, Afghanistan, AFG
0.50918, 2011, Dec Average, Afghanistan, AFG
-0.5329, 2012, Jan Average, Afghanistan, AFG
-0.3738, 2012, Feb Average, Afghanistan, AFG
7.07321, 2012, Mar Average, Afghanistan, AFG
14.4267, 2012, Apr Average, Afghanistan, AFG
18.8992, 2012, May Average, Afghanistan, AFG
23.2849, 2012, Jun Average, Afghanistan, AFG
26.2565, 2012, Jul Average, Afghanistan, AFG
24.5623, 2012, Aug Average, Afghanistan, AFG
19.2339, 2012, Sep Average, Afghanistan, AFG
13.6072, 2012, Oct Average, Afghanistan, AFG
7.01731, 2012, Nov Average, Afghanistan, AFG
2.26085, 2012, Dec Average, Afghanistan, AFG
1.5778, 2013, Jan Average, Afghanistan, AFG
3.08646, 2013, Feb Average, Afghanistan, AFG
7.5901, 2013, Mar Average, Afghanistan, AFG
13.4938, 2013, Apr Average, Afghanistan, AFG
19.6124, 2013, May Average, Afghanistan, AFG
24.9157, 2013, Jun Average, Afghanistan, AFG
26.4471, 2013, Jul Average, Afghanistan, AFG
24.4465, 2013, Aug Average, Afghanistan, AFG
21.4541, 2013, Sep Average, Afghanistan, AFG
14.9802, 2013, Oct Average, Afghanistan, AFG
7.73942, 2013, Nov Average, Afghanistan, AFG
2.85806, 2013, Dec Average, Afghanistan, AFG
1.90191, 2014, Jan Average, Afghanistan, AFG
-0.2883, 2014, Feb Average, Afghanistan, AFG
7.97563, 2014, Mar Average, Afghanistan, AFG
13.8125, 2014, Apr Average, Afghanistan, AFG
19.2834, 2014, May Average, Afghanistan, AFG
24.8129, 2014, Jun Average, Afghanistan, AFG
26.3007, 2014, Jul Average, Afghanistan, AFG
25.1178, 2014, Aug Average, Afghanistan, AFG
21.4651, 2014, Sep Average, Afghanistan, AFG
14.3478, 2014, Oct Average, Afghanistan, AFG
6.67635, 2014, Nov Average, Afghanistan, AFG
2.36981, 2014, Dec Average, Afghanistan, AFG
1.95516, 2015, Jan Average, Afghanistan, AFG
3.41743, 2015, Feb Average, Afghanistan, AFG
6.99841, 2015, Mar Average, Afghanistan, AFG
14.7501, 2015, Apr Average, Afghanistan, AFG
19.4289, 2015, May Average, Afghanistan, AFG
25.094, 2015, Jun Average, Afghanistan, AFG
26.3264, 2015, Jul Average, Afghanistan, AFG
24.1008, 2015, Aug Average, Afghanistan, AFG
19.0854, 2015, Sep Average, Afghanistan, AFG
14.842, 2015, Oct Average, Afghanistan, AFG
7.47879, 2015, Nov Average, Afghanistan, AFG
2.92567, 2015, Dec Average, Afghanistan, AFG
3.56651, 2016, Jan Average, Afghanistan, AFG
4.34688, 2016, Feb Average, Afghanistan, AFG
8.86882, 2016, Mar Average, Afghanistan, AFG
14.4279, 2016, Apr Average, Afghanistan, AFG
20.367, 2016, May Average, Afghanistan, AFG
25.003, 2016, Jun Average, Afghanistan, AFG
26.7011, 2016, Jul Average, Afghanistan, AFG
24.504, 2016, Aug Average, Afghanistan, AFG
21.6552, 2016, Sep Average, Afghanistan, AFG
13.936, 2016, Oct Average, Afghanistan, AFG
6.16051, 2016, Nov Average, Afghanistan, AFG
4.62586, 2016, Dec Average, Afghanistan, AFG
